{
  "FL-DQN": {
    "waiting_time": 174.35603334487396,
    "queue": 643.0211550400585,
    "throughput": 1.317903253528348,
    "reward": -651146.7027664742
  },
  "FedLight": {
    "waiting_time": 76.12180796013078,
    "queue": 278.54619145116396,
    "throughput": 1.7045153335690848,
    "reward": -277038.6166666667
  },
  "AdaptFlow": {
    "waiting_time": 85.09807619701891,
    "queue": 304.30263333333335,
    "throughput": 1.670459032248668,
    "reward": -7998.4582500000015
  }
}