{
  "FL-DQN": {
    "waiting_time": 49.871291550140846,
    "queue": 61.237500000000004,
    "throughput": 0.581592487288698,
    "reward": -495.74999999999983
  },
  "FedLight": {
    "waiting_time": 5.438817428712366,
    "queue": 6.310833333333332,
    "throughput": 1.0076393750507693,
    "reward": -50.49916666666661
  },
  "AdaptFlow": {
    "waiting_time": 6.777275953998757,
    "queue": 7.8525,
    "throughput": 1.0245616972519809,
    "reward": -62.81999999999996
  }
}