{
  "FL-DQN": {
    "waiting_time": 399.770069619231,
    "queue": 1404.0560166666664,
    "throughput": 0.21060704525190296,
    "reward": -1416679.8366965381
  },
  "FedLight": {
    "waiting_time": 409.7657068522847,
    "queue": 1290.2410666666665,
    "throughput": 0.18915435581959117,
    "reward": -1290241.0666666667
  },
  "AdaptFlow": {
    "waiting_time": 411.92947347137454,
    "queue": 1505.6691166666665,
    "throughput": 0.18655344918436667,
    "reward": -9515.717583333335
  }
}