{
  "FL-DQN": {
    "waiting_time": 210.40407355447726,
    "queue": 798.7220000000001,
    "throughput": 0.1687012582910348,
    "reward": -402773.5030352956
  },
  "FedLight": {
    "waiting_time": 212.10323070647743,
    "queue": 900.5843333333333,
    "throughput": 0.15256898731722343,
    "reward": -450292.1666666667
  },
  "AdaptFlow": {
    "waiting_time": 201.25677773493513,
    "queue": 647.3046666666668,
    "throughput": 0.20025514646260442,
    "reward": -4480.638333333333
  }
}