{
  "average_reward": -106.20725000000024,
  "total_steps": 5137,
  "average_loss": 0.1911087918860545,
  "episodes": 10
}