{
  "average_reward": -1036.949999999999,
  "total_steps": 2735,
  "average_loss": 0.016154521321407336,
  "episodes": 10
}