{
  "average_reward": -103.0460000000002,
  "total_steps": 5102,
  "average_loss": 0.1298272457982876,
  "episodes": 10
}