{
  "average_reward": 380.59978129266904,
  "total_steps": 800,
  "average_loss": 0.014890958864307323,
  "waiting_time": 0.0,
  "queue_length": 0.0,
  "num_congested_lanes": 0.0,
  "total_lanes": 7.0
}