{
  "average_reward": -105.21975000000029,
  "total_steps": 5145,
  "average_loss": 0.1693947539834054,
  "episodes": 10
}