{
  "average_reward": -101.40575000000015,
  "total_steps": 5113,
  "average_loss": 0.15181514676081068,
  "episodes": 10
}