{
  "average_reward": -80.82000000000004,
  "total_steps": 1743,
  "average_loss": 0.02446711714229169,
  "episodes": 10
}