{
  "average_reward": -872.2000000000004,
  "total_steps": 544,
  "average_loss": 0.009991531687410316,
  "waiting_time": 8632.5,
  "queue_length": 33.10599769319492,
  "num_congested_lanes": 0.0,
  "total_lanes": 4.0
}