{
  "average_reward": 386.2108203444516,
  "total_steps": 800,
  "average_loss": 0.014913759942275014,
  "waiting_time": 0.0,
  "queue_length": 0.0,
  "num_congested_lanes": 0.0,
  "total_lanes": 7.0
}