{
  "average_reward": -760.9099999999979,
  "total_steps": 2395,
  "average_loss": 0.015803850536630255,
  "episodes": 10
}