{
  "average_reward": -107.13675000000035,
  "total_steps": 5092,
  "average_loss": 0.15781214773122335,
  "episodes": 10
}