{
  "round": 1,
  "mode": "Mock",
  "clustering": {
    "assignments": {
      "node_0": 0,
      "node_1": 0,
      "node_2": 1,
      "node_3": 1
    },
    "groups": {
      "0": [
        "node_0",
        "node_1"
      ],
      "1": [
        "node_2",
        "node_3"
      ]
    },
    "fingerprints": {
      "node_0": [
        6.47457627118644,
        7.64,
        0.382,
        16.0,
        0.0,
        1.0
      ],
      "node_1": [
        3.3333333333333335,
        3.2,
        0.16,
        15.0,
        0.0,
        0.5
      ],
      "node_2": [
        3.7872340425531914,
        3.56,
        0.178,
        14.0,
        0.0,
        0.0
      ],
      "node_3": [
        8.932203389830509,
        10.54,
        0.5269999999999999,
        27.0,
        2.0,
        0.0
      ]
    },
    "similarity_matrix": [
      [
        1.0000000000000002,
        0.9652584536952424,
        0.9767321351872981,
        0.9927265902755906
      ],
      [
        0.9652584536952424,
        0.9999999999999999,
        0.9978815118349544,
        0.981516226326105
      ],
      [
        0.9767321351872981,
        0.9978815118349544,
        0.9999999999999998,
        0.9899299445115123
      ],
      [
        0.9927265902755906,
        0.981516226326105,
        0.9899299445115123,
        0.9999999999999999
      ]
    ],
    "similarity_node_order": [
      "node_0",
      "node_1",
      "node_2",
      "node_3"
    ]
  },
  "cluster_info": {
    "cluster_0": {
      "avg_flow": 0.271,
      "members": [
        "node_0",
        "node_1"
      ],
      "congestion": 4.903954802259887
    },
    "cluster_1": {
      "avg_flow": 0.3524999999999999,
      "members": [
        "node_2",
        "node_3"
      ],
      "congestion": 6.35971871619185
    }
  },
  "nodes": {
    "node_0": {
      "node_id": "node_0",
      "cluster_id": "cluster_0",
      "total_reward": -15.279999999999992,
      "avg_waiting_time": 6.47457627118644,
      "loss": 0.0,
      "metrics": {
        "total_waiting_time": 382.0,
        "total_vehicles": 59,
        "average_queue_length": 7.64,
        "throughput_ratio": 0.382,
        "max_queue_length": 16,
        "steps": 50,
        "avg_waiting_time_per_vehicle": 6.47457627118644,
        "green_signal_time": {
          "per_edge": {
            "edge_n": 6.5,
            "edge_e": 6.5,
            "edge_s": 6.5,
            "edge_w": 6.5
          },
          "avg_gst": 6.5,
          "num_lanes": 4,
          "min_green_time": 5.0,
          "max_green_time": 30.0
        },
        "safety": {
          "total_accidents": 0,
          "near_misses": 0,
          "safety_score": 100
        },
        "per_lane_metrics": {
          "edge_n_0": {
            "edge_id": "edge_n",
            "lane_id": "edge_n_0",
            "vehicle_count": 1,
            "queue_length": 1,
            "waiting_time": 1.0,
            "average_speed": 0.5197412510379562,
            "occupancy_percent": 5,
            "green_signal_time": 0,
            "vehicle_types": {
              "car": 1
            },
            "lane_length": 100.0
          },
          "edge_e_0": {
            "edge_id": "edge_e",
            "lane_id": "edge_e_0",
            "vehicle_count": 1,
            "queue_length": 1,
            "waiting_time": 2.0,
            "average_speed": 4.322635229030437,
            "occupancy_percent": 5,
            "green_signal_time": 0,
            "vehicle_types": {
              "car": 1
            },
            "lane_length": 100.0
          },
          "edge_s_0": {
            "edge_id": "edge_s",
            "lane_id": "edge_s_0",
            "vehicle_count": 1,
            "queue_length": 1,
            "waiting_time": 2.0,
            "average_speed": 1.01359974424153,
            "occupancy_percent": 5,
            "green_signal_time": 0,
            "vehicle_types": {
              "car": 1
            },
            "lane_length": 100.0
          },
          "edge_w_0": {
            "edge_id": "edge_w",
            "lane_id": "edge_w_0",
            "vehicle_count": 1,
            "queue_length": 1,
            "waiting_time": 4.0,
            "average_speed": 0.7135213748191505,
            "occupancy_percent": 5,
            "green_signal_time": 0,
            "vehicle_types": {
              "car": 1
            },
            "lane_length": 100.0
          }
        },
        "lane_summary": {
          "total_waiting_time": 382.0,
          "total_queue_length": 7.64,
          "num_congested_lanes": 0.0,
          "total_lanes": 4.0,
          "average_gst": 0.0,
          "min_gst": 0.0,
          "max_gst": 0.0,
          "max_queue_length": 16.0,
          "max_waiting_time": 382.0,
          "average_speed": 0.0,
          "num_active_lanes": 4.0,
          "total_occupancy": 38.199999999999996,
          "total_vehicles": 59
        },
        "total_reward": -15.279999999999992
      }
    },
    "node_1": {
      "node_id": "node_1",
      "cluster_id": "cluster_0",
      "total_reward": -6.400000000000004,
      "avg_waiting_time": 3.3333333333333335,
      "loss": 0.0,
      "metrics": {
        "total_waiting_time": 160.0,
        "total_vehicles": 48,
        "average_queue_length": 3.2,
        "throughput_ratio": 0.16,
        "max_queue_length": 15,
        "steps": 50,
        "avg_waiting_time_per_vehicle": 3.3333333333333335,
        "green_signal_time": {
          "per_edge": {
            "edge_n": 5.0,
            "edge_e": 9.5,
            "edge_s": 5.0,
            "edge_w": 8.0
          },
          "avg_gst": 6.875,
          "num_lanes": 4,
          "min_green_time": 5.0,
          "max_green_time": 30.0
        },
        "safety": {
          "total_accidents": 0,
          "near_misses": 0,
          "safety_score": 100
        },
        "per_lane_metrics": {
          "edge_n_0": {
            "edge_id": "edge_n",
            "lane_id": "edge_n_0",
            "vehicle_count": 0,
            "queue_length": 0,
            "waiting_time": 0.0,
            "average_speed": 8.811999131528623,
            "occupancy_percent": 0,
            "green_signal_time": 0,
            "vehicle_types": {
              "car": 0
            },
            "lane_length": 100.0
          },
          "edge_e_0": {
            "edge_id": "edge_e",
            "lane_id": "edge_e_0",
            "vehicle_count": 3,
            "queue_length": 3,
            "waiting_time": 12.0,
            "average_speed": 0.014115449224630372,
            "occupancy_percent": 15,
            "green_signal_time": 0,
            "vehicle_types": {
              "car": 3
            },
            "lane_length": 100.0
          },
          "edge_s_0": {
            "edge_id": "edge_s",
            "lane_id": "edge_s_0",
            "vehicle_count": 0,
            "queue_length": 0,
            "waiting_time": 0.0,
            "average_speed": 9.004050151634404,
            "occupancy_percent": 0,
            "green_signal_time": 0,
            "vehicle_types": {
              "car": 0
            },
            "lane_length": 100.0
          },
          "edge_w_0": {
            "edge_id": "edge_w",
            "lane_id": "edge_w_0",
            "vehicle_count": 2,
            "queue_length": 2,
            "waiting_time": 3.0,
            "average_speed": 0.1372056139147282,
            "occupancy_percent": 10,
            "green_signal_time": 0,
            "vehicle_types": {
              "car": 2
            },
            "lane_length": 100.0
          }
        },
        "lane_summary": {
          "total_waiting_time": 160.0,
          "total_queue_length": 3.2,
          "num_congested_lanes": 0.0,
          "total_lanes": 4.0,
          "average_gst": 0.0,
          "min_gst": 0.0,
          "max_gst": 0.0,
          "max_queue_length": 15.0,
          "max_waiting_time": 160.0,
          "average_speed": 0.0,
          "num_active_lanes": 2.0,