{
  "round": 2,
  "mode": "Mock",
  "clustering": {
    "assignments": {
      "node_0": 0,
      "node_1": 1,
      "node_2": 1,
      "node_3": 1
    },
    "groups": {
      "0": [
        "node_0"
      ],
      "1": [
        "node_1",
        "node_2",
        "node_3"
      ]
    },
    "fingerprints": {
      "node_0": [
        7.728813559322034,
        9.12,
        0.45599999999999996,
        18.0,
        1.0,
        1.0
      ],
      "node_1": [
        6.169491525423729,
        7.28,
        0.364,
        13.0,
        0.0,
        0.5
      ],
      "node_2": [
        5.311475409836065,
        6.48,
        0.324,
        13.0,
        0.0,
        0.0
      ],
      "node_3": [
        2.2333333333333334,
        2.68,
        0.134,
        11.0,
        0.0,
        0.0
      ]
    },
    "similarity_matrix": [
      [
        1.0,
        0.9977172416110571,
        0.9977317188445548,
        0.9592021996120679
      ],
      [
        0.9977172416110571,
        1.0000000000000002,
        0.9976354614467334,
        0.9467943179753265
      ],
      [
        0.9977317188445548,
        0.9976354614467334,
        1.0,
        0.9649490309102974
      ],
      [
        0.9592021996120679,
        0.9467943179753265,
        0.9649490309102974,
        0.9999999999999999
      ]
    ],
    "similarity_node_order": [
      "node_0",
      "node_1",
      "node_2",
      "node_3"
    ]
  },
  "cluster_info": {
    "cluster_0": {
      "avg_flow": 0.45599999999999996,
      "members": [
        "node_0"
      ],
      "congestion": 7.728813559322034
    },
    "cluster_1": {
      "avg_flow": 0.27399999999999997,
      "members": [
        "node_1",
        "node_2",
        "node_3"
      ],
      "congestion": 4.571433422864376
    }
  },
  "nodes": {
    "node_0": {
      "node_id": "node_0",
      "cluster_id": "cluster_0",
      "total_reward": -18.240000000000002,
      "avg_waiting_time": 7.728813559322034,
      "loss": 0.059511974453926086,
      "metrics": {
        "total_waiting_time": 456.0,
        "total_vehicles": 59,
        "average_queue_length": 9.12,
        "throughput_ratio": 0.45599999999999996,
        "max_queue_length": 18,
        "steps": 50,
        "avg_waiting_time_per_vehicle": 7.728813559322034,
        "green_signal_time": {
          "per_edge": {
            "edge_n": 6.5,
            "edge_e": 6.5,
            "edge_s": 14.0,
            "edge_w": 5.0
          },
          "avg_gst": 8.0,
          "num_lanes": 4,
          "min_green_time": 5.0,
          "max_green_time": 30.0
        },
        "safety": {
          "total_accidents": 0,
          "near_misses": 0,
          "safety_score": 100
        },
        "per_lane_metrics": {
          "edge_n_0": {
            "edge_id": "edge_n",
            "lane_id": "edge_n_0",
            "vehicle_count": 1,
            "queue_length": 1,
            "waiting_time": 5.0,
            "average_speed": 4.526409382158518,
            "occupancy_percent": 5,
            "green_signal_time": 0,
            "vehicle_types": {
              "car": 1
            },
            "lane_length": 100.0
          },
          "edge_e_0": {
            "edge_id": "edge_e",
            "lane_id": "edge_e_0",
            "vehicle_count": 1,
            "queue_length": 1,
            "waiting_time": 3.25,
            "average_speed": 1.2582720418487474,
            "occupancy_percent": 5,
            "green_signal_time": 0,
            "vehicle_types": {
              "car": 1
            },
            "lane_length": 100.0
          },
          "edge_s_0": {
            "edge_id": "edge_s",
            "lane_id": "edge_s_0",
            "vehicle_count": 6,
            "queue_length": 6,
            "waiting_time": 102.0,
            "average_speed": 4.560193301107322,
            "occupancy_percent": 30,
            "green_signal_time": 0,
            "vehicle_types": {
              "car": 6
            },
            "lane_length": 100.0
          },
          "edge_w_0": {
            "edge_id": "edge_w",
            "lane_id": "edge_w_0",
            "vehicle_count": 0,
            "queue_length": 0,
            "waiting_time": 0.0,
            "average_speed": 0.8597192512519558,
            "occupancy_percent": 0,
            "green_signal_time": 0,
            "vehicle_types": {
              "car": 0
            },
            "lane_length": 100.0
          }
        },
        "lane_summary": {
          "total_waiting_time": 456.0,
          "total_queue_length": 9.12,
          "num_congested_lanes": 1.0,
          "total_lanes": 4.0,
          "average_gst": 0.0,
          "min_gst": 0.0,
          "max_gst": 0.0,
          "max_queue_length": 18.0,
          "max_waiting_time": 456.0,
          "average_speed": 0.0,
          "num_active_lanes": 3.0,
          "total_occupancy": 45.599999999999994,
          "total_vehicles": 59
        },
        "total_reward": -18.240000000000002
      }
    },
    "node_1": {
      "node_id": "node_1",
      "cluster_id": "cluster_1",
      "total_reward": -14.559999999999999,
      "avg_waiting_time": 6.169491525423729,
      "loss": 0.028182927519083023,
      "metrics": {
        "total_waiting_time": 364.0,
        "total_vehicles": 59,
        "average_queue_length": 7.28,
        "throughput_ratio": 0.364,
        "max_queue_length": 13,
        "steps": 50,
        "avg_waiting_time_per_vehicle": 6.169491525423729,
        "green_signal_time": {
          "per_edge": {
            "edge_n": 8.0,
            "edge_e": 9.5,
            "edge_s": 8.0,
            "edge_w": 5.0
          },
          "avg_gst": 7.625,
          "num_lanes": 4,
          "min_green_time": 5.0,
          "max_green_time": 30.0
        },
        "safety": {
          "total_accidents": 0,
          "near_misses": 0,
          "safety_score": 100
        },
        "per_lane_metrics": {
          "edge_n_0": {
            "edge_id": "edge_n",
            "lane_id": "edge_n_0",
            "vehicle_count": 2,
            "queue_length": 2,
            "waiting_time": 20.144000000000002,
            "average_speed": 4.493716598118694,
            "occupancy_percent": 10,
            "green_signal_time": 0,
            "vehicle_types": {
              "car": 2
            },
            "lane_length": 100.0
          },
          "edge_e_0": {
            "edge_id": "edge_e",
            "lane_id": "edge_e_0",
            "vehicle_count": 3,
            "queue_length": 3,
            "waiting_time": 15.02469135802469,
            "average_speed": 4.094037514125604,
            "occupancy_percent": 15,
            "green_signal_time": 0,
            "vehicle_types": {
              "car": 3
            },
            "lane_length": 100.0
          },
          "edge_s_0": {
            "edge_id": "edge_s",
            "lane_id": "edge_s_0",
            "vehicle_count": 2,
            "queue_length": 2,
            "waiting_time": 9.333333333333334,
            "average_speed": 4.991656481644053,
            "occupancy_percent": 10,
            "green_signal_time": 0,
            "vehicle_types": {
              "car": 2
            },
            "lane_length": 100.0
          },
          "edge_w_0": {
            "edge_id": "edge_w",
            "lane_id": "edge_w_0",
            "vehicle_count": 0,
            "queue_length": 0,
            "waiting_time": 0.0,
            "average_speed": 13.536747484043078,
            "occupancy_percent": 0,
            "green_signal_time": 0,
            "vehicle_types": {
              "car": 0
            },
            "lane_length": 100.0
          }
        },
        "lane_summary": {
          "total_waiting_time": 364.0,
          "total_queue_length": 7.28,
          "num_congested_lanes": 0.0,
          "total_lanes": 4.0,
          "average_gst": 0.0,
          "min_gst": 0.0,
          "max_gst": 0.0,
          "max_queue_length": 13.0,