{
  "num_rounds": 2,
  "cluster_history": [
    {
      "node_0": 0,
      "node_1": 0,
      "node_2": 1,
      "node_3": 1
    },
    {
      "node_0": 0,
      "node_1": 1,
      "node_2": 1,
      "node_3": 1
    }
  ],
  "reward_history": [
    -12.47,
    -12.779999999999998
  ],
  "queue_history": [
    6.234999999999999,
    6.39
  ],
  "wait_history": [
    5.631836759225868,
    5.360778456978791
  ],
  "throughput_history": [
    0.31174999999999997,
    0.3195
  ],
  "transitions": [
    {
      "round": 1,
      "transitions": {}
    },
    {
      "round": 2,
      "transitions": {
        "node_1": {
          "from": 0,
          "to": 1
        }
      }
    }
  ],
  "fingerprints": [
    {
      "node_0": [
        6.47457627118644,
        7.64,
        0.382,
        16.0,
        0.0,
        1.0
      ],
      "node_1": [
        3.3333333333333335,
        3.2,
        0.16,
        15.0,
        0.0,
        0.5
      ],
      "node_2": [
        3.7872340425531914,
        3.56,
        0.178,
        14.0,
        0.0,
        0.0
      ],
      "node_3": [
        8.932203389830509,
        10.54,
        0.5269999999999999,
        27.0,
        2.0,
        0.0
      ]
    },
    {
      "node_0": [
        7.728813559322034,
        9.12,
        0.45599999999999996,
        18.0,
        1.0,
        1.0
      ],
      "node_1": [
        6.169491525423729,
        7.28,
        0.364,
        13.0,
        0.0,
        0.5
      ],
      "node_2": [
        5.311475409836065,
        6.48,
        0.324,
        13.0,
        0.0,
        0.0
      ],
      "node_3": [
        2.2333333333333334,
        2.68,
        0.134,
        11.0,
        0.0,
        0.0
      ]
    }
  ],
  "similarity_matrices": [
    [
      [
        1.0000000000000002,
        0.9652584536952424,
        0.9767321351872981,
        0.9927265902755906
      ],
      [
        0.9652584536952424,
        0.9999999999999999,
        0.9978815118349544,
        0.981516226326105
      ],
      [
        0.9767321351872981,
        0.9978815118349544,
        0.9999999999999998,
        0.9899299445115123
      ],
      [
        0.9927265902755906,
        0.981516226326105,
        0.9899299445115123,
        0.9999999999999999
      ]
    ],
    [
      [
        1.0,
        0.9977172416110571,
        0.9977317188445548,
        0.9592021996120679
      ],
      [
        0.9977172416110571,
        1.0000000000000002,
        0.9976354614467334,
        0.9467943179753265
      ],
      [
        0.9977317188445548,
        0.9976354614467334,
        1.0,
        0.9649490309102974
      ],
      [
        0.9592021996120679,
        0.9467943179753265,
        0.9649490309102974,
        0.9999999999999999
      ]
    ]
  ]
}