{
  "total_reward": 397.34228486530367,
  "average_reward": 0.9933557121632591,
  "total_steps": 400,
  "waiting_time": 12.0,
  "queue_length": 0.305,
  "training": {
    "average_reward": 396.74866348266715,
    "total_steps": 1200,
    "average_loss": 0.04655415030978474,
    "episodes": 3
  },
  "architecture": [
    64,
    32
  ],
  "round": 4
}