{
  "total_reward": 368.6742018118338,
  "average_reward": 0.9216855045295845,
  "total_steps": 400,
  "waiting_time": 1879.0,
  "queue_length": 0.6375,
  "training": {
    "average_reward": 391.5587558809869,
    "total_steps": 1200,
    "average_loss": 0.027735357405423808,
    "episodes": 3
  },
  "architecture": [
    64,
    32
  ],
  "round": 2
}