{
  "total_reward": 390.74323998028086,
  "average_reward": 0.9768580999507022,
  "total_steps": 400,
  "waiting_time": 40.0,
  "queue_length": 0.14,
  "training": {
    "average_reward": 393.05174776013035,
    "total_steps": 1200,
    "average_loss": 0.06766959090130209,
    "episodes": 3
  },
  "architecture": [
    128,
    128,
    64
  ],
  "round": 3
}