{
  "total_reward": 263.59802057378414,
  "average_reward": 0.6589950514344604,
  "total_steps": 400,
  "waiting_time": 12686.0,
  "queue_length": 1.2075,
  "training": {
    "average_reward": 370.123261262248,
    "total_steps": 1200,
    "average_loss": 0.02095670288178207,
    "episodes": 3
  },
  "architecture": [
    128,
    128,
    64
  ],
  "round": 1
}