{
  "total_reward": 385.37346692815197,
  "average_reward": 0.9634336673203799,
  "total_steps": 400,
  "waiting_time": 276.0,
  "queue_length": 0.1825,
  "training": {
    "average_reward": 370.123261262248,
    "total_steps": 1200,
    "average_loss": 0.02095670288178207,
    "episodes": 3
  },
  "architecture": [
    128,
    128,
    64
  ],
  "round": 1
}