{
  "FL-DQN": {
    "waiting_time": 31.45603530630019,
    "queue": 113.66316060986749,
    "throughput": 1.7537622164362072,
    "reward": -56718.79357215694
  },
  "FedLight": {
    "waiting_time": 36.74199709143676,
    "queue": 136.15155925925927,
    "throughput": 1.7167014410736043,
    "reward": -67710.33333333334
  },
  "AdaptFlow": {
    "waiting_time": 43.84598205697612,
    "queue": 163.09206666666665,
    "throughput": 1.6680292744750769,
    "reward": -81546.03333333333
  }
}