{
  "average_reward": 0.2704756997224836,
  "waiting_time": 21.028793977506037,
  "throughput": 79,
  "queue_length": 2.7737089149862646
}