{
  "average_reward": 0.41825337323128975,
  "waiting_time": 15.97416738027286,
  "throughput": 87,
  "queue_length": 2.726902725432357
}