{
  "average_reward": 0.3930155864600111,
  "waiting_time": 15.052313650403597,
  "throughput": 60,
  "queue_length": 4.5615525975763465
}