{
  "average_reward": 0.15038784143005868,
  "waiting_time": 21.535006068418426,
  "throughput": 65,
  "queue_length": 3.5550829549802216
}