{
  "average_reward": 0.46136039167809906,
  "waiting_time": 16.004085322818018,
  "throughput": 90,
  "queue_length": 2.2335809942477973
}