{
  "average_reward": 0.17603033141898813,
  "waiting_time": 15.162433569832306,
  "throughput": 75,
  "queue_length": 4.38577697969996
}