{
  "average_reward": 0.21152408839579961,
  "waiting_time": 16.322388964469962,
  "throughput": 54,
  "queue_length": 3.2913912621235695
}