{
  "average_reward": 0.32445508359634345,
  "waiting_time": 21.45284420055345,
  "throughput": 89,
  "queue_length": 3.5554932102652823
}