{
  "average_reward": 0.30161098354180554,
  "waiting_time": 23.25479318154199,
  "throughput": 77,
  "queue_length": 2.1045613375063867
}