{
  "average_reward": 0.21878498927720325,
  "waiting_time": 15.870230180280197,
  "throughput": 50,
  "queue_length": 4.149886048283617
}