{
  "average_reward": 0.37618460372699836,
  "waiting_time": 20.556388583266383,
  "throughput": 88,
  "queue_length": 3.7283438123103956
}