{
  "average_reward": 0.1832302720196043,
  "waiting_time": 16.43471589063632,
  "throughput": 54,
  "queue_length": 2.269422902274157
}