{
  "average_reward": 0.43051053217848234,
  "waiting_time": 23.35728215320809,
  "throughput": 91,
  "queue_length": 4.536920314662911
}