{
  "average_reward": 0.46481260442361905,
  "waiting_time": 23.178920019245943,
  "throughput": 89,
  "queue_length": 2.9002815778721125
}