{
  "average_reward": 0.21092353521089868,
  "waiting_time": 18.09737865667851,
  "throughput": 96,
  "queue_length": 4.624013435450058
}