{
  "average_reward": 0.19102878580951815,
  "waiting_time": 19.322097769428773,
  "throughput": 56,
  "queue_length": 2.0826868561891114
}