{
  "average_reward": 0.39756651204488425,
  "waiting_time": 20.49535845612067,
  "throughput": 82,
  "queue_length": 2.3177420345389796
}