{
  "average_reward": 0.1957308507594745,
  "waiting_time": 23.892981446031236,
  "throughput": 64,
  "queue_length": 2.057856994162127
}