{
  "average_reward": 0.4577859109735466,
  "waiting_time": 15.210168779926477,
  "throughput": 60,
  "queue_length": 3.464328053540992
}