{
  "average_reward": 0.400960912055933,
  "waiting_time": 17.628445158625134,
  "throughput": 85,
  "queue_length": 4.683838492658696
}