{
  "average_reward": 0.24902032775730856,
  "waiting_time": 15.271943693169076,
  "throughput": 50,
  "queue_length": 4.563713505510876
}