{
  "average_reward": 0.24398196728048127,
  "waiting_time": 17.485352329655463,
  "throughput": 50,
  "queue_length": 2.899888113449991
}