{
  "average_reward": 0.3581761315168326,
  "waiting_time": 15.126046804315912,
  "throughput": 76,
  "queue_length": 3.867031709843206
}