{
  "average_reward": 0.40275030251326005,
  "waiting_time": 24.022357894624328,
  "throughput": 51,
  "queue_length": 4.549753224206862
}