{
  "average_reward": 0.37563865529369544,
  "waiting_time": 15.339194990956193,
  "throughput": 92,
  "queue_length": 4.09286790033962
}