{
  "average_reward": 0.2959648922981286,
  "waiting_time": 21.131679172802663,
  "throughput": 64,
  "queue_length": 4.870138446349161
}