{
  "average_reward": 0.2663838784596515,
  "waiting_time": 18.28358432799761,
  "throughput": 68,
  "queue_length": 4.617802575786383
}