{
  "average_reward": 0.4571265565073711,
  "waiting_time": 24.992271229777423,
  "throughput": 76,
  "queue_length": 2.3228565013784586
}