{
  "average_reward": 0.15149503288327773,
  "waiting_time": 18.714932837750826,
  "throughput": 96,
  "queue_length": 4.701467228547791
}