{
  "average_reward": 0.35335023280516087,
  "waiting_time": 24.24807248399081,
  "throughput": 89,
  "queue_length": 4.714015300251147
}