{
  "average_reward": 0.1557661908206205,
  "waiting_time": 15.77411696078543,
  "throughput": 85,
  "queue_length": 2.3766329154709287
}