{
  "average_reward": 0.43195491274193676,
  "waiting_time": 16.528736407253128,
  "throughput": 81,
  "queue_length": 2.2966803057246
}