{
  "average_reward": 0.3498656839866793,
  "waiting_time": 17.73484033840636,
  "throughput": 90,
  "queue_length": 4.628426139713508
}