{
  "average_reward": 0.38175862831442,
  "waiting_time": 23.255465519018344,
  "throughput": 74,
  "queue_length": 3.7556741438666137
}