{
  "average_reward": 0.3198393919346021,
  "waiting_time": 24.17532320264013,
  "throughput": 86,
  "queue_length": 3.0156736168018208
}