{
  "average_reward": 0.4898153295625841,
  "waiting_time": 19.240351549490867,
  "throughput": 68,
  "queue_length": 2.909296196307624
}