{
  "average_reward": 0.38055054066085703,
  "waiting_time": 17.393844677606662,
  "throughput": 72,
  "queue_length": 2.661394392852535
}