{
  "average_reward": 0.4078632774216141,
  "waiting_time": 23.635625958184217,
  "throughput": 69,
  "queue_length": 2.6805108504620057
}