{
  "average_reward": 0.26743367156328823,
  "waiting_time": 22.67562924631701,
  "throughput": 98,
  "queue_length": 3.712545328042021
}