{
  "average_reward": 0.4564153932192674,
  "waiting_time": 22.447797654308758,
  "throughput": 76,
  "queue_length": 2.7590283888858633
}