{
  "FL-DQN": {
    "waiting_time": 223.7505263461177,
    "queue": 1418.0496666666668,
    "throughput": 0.10339505437227044,
    "reward": -712474.9088865874
  },
  "FedLight": {
    "waiting_time": 224.71039384423884,
    "queue": 1344.7696666666668,
    "throughput": 0.10555283284332495,
    "reward": -672384.8333333334
  },
  "AdaptFlow": {
    "waiting_time": 214.4007184776632,
    "queue": 1210.9886666666666,
    "throughput": 0.14027464450489183,
    "reward": -4643.1925
  }
}