{
  "FL-DQN": {
    "waiting_time": 265.009881624256,
    "queue": 221.46200000000002,
    "throughput": 0.31654621647959713,
    "reward": -3688.090833333334
  },
  "FedLight": {
    "waiting_time": 6.775805005548469,
    "queue": 8.606879480547864,
    "throughput": 1.022429552856772,
    "reward": -122.93583333333326
  },
  "AdaptFlow": {
    "waiting_time": 6.826457380916383,
    "queue": 7.671393564589683,
    "throughput": 1.0266282817100285,
    "reward": -106.45749999999992
  }
}