{
  "FL-DQN": {
    "waiting_time": 159.84462519864206,
    "queue": 132.0426666666667,
    "throughput": 0.5813584351390787,
    "reward": -2658.068333333331
  },
  "FedLight": {
    "waiting_time": 4.911731873751425,
    "queue": 5.234072809258306,
    "throughput": 1.0209401292858569,
    "reward": -72.01333333333326
  },
  "AdaptFlow": {
    "waiting_time": 5.852655065533805,
    "queue": 7.198556741900628,
    "throughput": 1.0260473871799045,
    "reward": -98.13333333333328
  }
}