{
  "FL-DQN": {
    "waiting_time": 202.68259868780498,
    "queue": 161.06366666666668,
    "throughput": 0.4760536444037646,
    "reward": -3055.315833333334
  },
  "FedLight": {
    "waiting_time": 7.211851927028236,
    "queue": 8.87903556812796,
    "throughput": 1.0294879088012816,
    "reward": -122.17833333333334
  },
  "CoLight": {
    "waiting_time": 167.73473092440642,
    "queue": 134.85233333333335,
    "throughput": 0.6515174853936148,
    "reward": -2702.033333333331
  },
  "AdaptFlow": {
    "waiting_time": 6.018310158718395,
    "queue": 7.362176415247139,
    "throughput": 1.0268547432788606,
    "reward": -99.86666666666663
  }
}