{
  "total_reward": -9217.0,
  "average_reward": -9.217,
  "total_steps": 1000,
  "waiting_time": 231988.0,
  "queue_length": 231.988,
  "training": {
    "average_reward": -710.5000000000003,
    "total_steps": 999,
    "average_loss": 0.02521474031522312,
    "episodes": 3
  },
  "architecture": [
    64,
    32
  ],
  "round": 1
}