{
  "total_reward": 394.6299932289035,
  "average_reward": 0.9865749830722588,
  "total_steps": 400,
  "waiting_time": 74.0,
  "queue_length": 0.3375,
  "training": {
    "average_reward": 397.12936570394464,
    "total_steps": 1200,
    "average_loss": 0.0351941642355996,
    "episodes": 3
  },
  "architecture": [
    64,
    32
  ],
  "round": 3
}