{
  "total_reward": -80.80000000000004,
  "average_reward": -0.293818181818182,
  "total_steps": 275,
  "waiting_time": 808.0,
  "queue_length": 2.938181818181818,
  "training": {
    "average_reward": -710.5000000000003,
    "total_steps": 999,
    "average_loss": 0.02521474031522312,
    "episodes": 3
  },
  "architecture": [
    64,
    32
  ],
  "round": 1
}