{
  "total_reward": 398.47856648737417,
  "average_reward": 0.9961964162184355,
  "total_steps": 400,
  "waiting_time": 0.0,
  "queue_length": 0.26,
  "training": {
    "average_reward": 393.76566724078043,
    "total_steps": 1200,
    "average_loss": 0.030214021258794212,
    "episodes": 3
  },
  "architecture": [
    64,
    32
  ],
  "round": 1
}