{
  "total_reward": 393.8984042810187,
  "average_reward": 0.9847460107025467,
  "total_steps": 400,
  "waiting_time": 63.0,
  "queue_length": 0.385,
  "training": {
    "average_reward": 396.0441736768917,
    "total_steps": 1200,
    "average_loss": 0.07575265693114488,
    "episodes": 3
  },
  "architecture": [
    64,
    32
  ],
  "round": 5
}