{
  "total_reward": 398.357860821937,
  "average_reward": 0.9958946520548424,
  "total_steps": 400,
  "waiting_time": 0.0,
  "queue_length": 0.2625,
  "training": {
    "average_reward": 396.6096479342063,
    "total_steps": 1200,
    "average_loss": 0.016964896964824828,
    "episodes": 3
  },
  "architecture": [
    64,
    32
  ],
  "round": 2
}