{
  "total_reward": -17.039999999999974,
  "average_reward": -0.11210526315789457,
  "total_steps": 152,
  "waiting_time": 426.0,
  "queue_length": 2.8026315789473686,
  "training": {
    "average_reward": -17.266666666666648,
    "total_steps": 454,
    "average_loss": 0.06164228078798444,
    "episodes": 3
  },
  "architecture": [
    128,
    128,
    64
  ],
  "round": 8
}