{
  "total_reward": -15.119999999999987,
  "average_reward": -0.09947368421052623,
  "total_steps": 152,
  "waiting_time": 378.0,
  "queue_length": 2.486842105263158,
  "training": {
    "average_reward": -19.65333333333331,
    "total_steps": 447,
    "average_loss": 0.06480159608426377,
    "episodes": 3
  },
  "architecture": [
    128,
    128,
    64
  ],
  "round": 9
}