{
  "total_reward": -16.359999999999975,
  "average_reward": -0.10224999999999984,
  "total_steps": 160,
  "waiting_time": 409.0,
  "queue_length": 2.55625,
  "training": {
    "average_reward": -21.519999999999982,
    "total_steps": 443,
    "average_loss": 0.07126817837122063,
    "episodes": 3
  },
  "architecture": [
    128,
    128,
    64
  ],
  "round": 10
}