{
  "total_reward": -13.079999999999988,
  "average_reward": -0.08605263157894728,
  "total_steps": 152,
  "waiting_time": 327.0,
  "queue_length": 2.151315789473684,
  "training": {
    "average_reward": -19.746666666666634,
    "total_steps": 451,
    "average_loss": 0.04706801256854624,
    "episodes": 3
  },
  "architecture": [
    128,
    128,
    64
  ],
  "round": 6
}