{
  "total_reward": -18.319999999999972,
  "average_reward": -0.12462585034013586,
  "total_steps": 147,
  "waiting_time": 458.0,
  "queue_length": 3.1156462585034013,
  "training": {
    "average_reward": -18.97333333333332,
    "total_steps": 458,
    "average_loss": 0.08418360199600328,
    "episodes": 3
  },
  "architecture": [
    128,
    128,
    64
  ],
  "round": 15
}