{
  "total_reward": -18.159999999999975,
  "average_reward": -0.12187919463087232,
  "total_steps": 149,
  "waiting_time": 454.0,
  "queue_length": 3.046979865771812,
  "training": {
    "average_reward": -20.35999999999998,
    "total_steps": 462,
    "average_loss": 0.08277152777040675,
    "episodes": 3
  },
  "architecture": [
    128,
    128,
    64
  ],
  "round": 13
}