{
  "total_reward": -18.359999999999978,
  "average_reward": -0.11999999999999986,
  "total_steps": 153,
  "waiting_time": 459.0,
  "queue_length": 3.0,
  "training": {
    "average_reward": -17.853333333333314,
    "total_steps": 449,
    "average_loss": 0.05521233865207181,
    "episodes": 3
  },
  "architecture": [
    128,
    128,
    64
  ],
  "round": 7
}