{
  "total_reward": -22.279999999999973,
  "average_reward": -0.13503030303030286,
  "total_steps": 165,
  "waiting_time": 557.0,
  "queue_length": 3.375757575757576,
  "training": {
    "average_reward": -18.773333333333316,
    "total_steps": 444,
    "average_loss": 0.0839641120888897,
    "episodes": 3
  },
  "architecture": [
    128,
    128,
    64
  ],
  "round": 14
}