{
  "total_reward": -18.199999999999978,
  "average_reward": -0.12214765100671127,
  "total_steps": 149,
  "waiting_time": 455.0,
  "queue_length": 3.053691275167785,
  "training": {
    "average_reward": -18.34666666666665,
    "total_steps": 460,
    "average_loss": 0.02933364803497882,
    "episodes": 3
  },
  "architecture": [
    128,
    128,
    64
  ],
  "round": 4
}