{
  "total_reward": -17.519999999999975,
  "average_reward": -0.11837837837837821,
  "total_steps": 148,
  "waiting_time": 438.0,
  "queue_length": 2.9594594594594597,
  "training": {
    "average_reward": -18.41333333333331,
    "total_steps": 449,
    "average_loss": 0.07625922344143778,
    "episodes": 3
  },
  "architecture": [
    128,
    128,
    64
  ],
  "round": 11
}