{
  "total_reward": -18.919999999999984,
  "average_reward": -0.12050955414012729,
  "total_steps": 157,
  "waiting_time": 473.0,
  "queue_length": 3.0127388535031847,
  "training": {
    "average_reward": -18.34666666666665,
    "total_steps": 460,
    "average_loss": 0.02933364803497882,
    "episodes": 3
  },
  "architecture": [
    128,
    128,
    64
  ],
  "round": 4
}