{
  "total_reward": -15.439999999999978,
  "average_reward": -0.10225165562913893,
  "total_steps": 151,
  "waiting_time": 386.0,
  "queue_length": 2.556291390728477,
  "training": {
    "average_reward": -17.266666666666648,
    "total_steps": 454,
    "average_loss": 0.06164228078798444,
    "episodes": 3
  },
  "architecture": [
    128,
    128,
    64
  ],
  "round": 8
}