{
  "total_reward": -17.67999999999998,
  "average_reward": -0.11261146496815273,
  "total_steps": 157,
  "waiting_time": 442.0,
  "queue_length": 2.8152866242038215,
  "training": {
    "average_reward": -20.35999999999998,
    "total_steps": 462,
    "average_loss": 0.08277152777040675,
    "episodes": 3
  },
  "architecture": [
    128,
    128,
    64
  ],
  "round": 13
}