{
  "total_reward": -18.639999999999986,
  "average_reward": -0.12344370860927144,
  "total_steps": 151,
  "waiting_time": 466.0,
  "queue_length": 3.0860927152317883,
  "training": {
    "average_reward": -19.746666666666634,
    "total_steps": 451,
    "average_loss": 0.04706801256854624,
    "episodes": 3
  },
  "architecture": [
    128,
    128,
    64
  ],
  "round": 6
}