{
  "total_reward": -21.079999999999977,
  "average_reward": -0.13688311688311675,
  "total_steps": 154,
  "waiting_time": 527.0,
  "queue_length": 3.4220779220779223,
  "training": {
    "average_reward": -19.173333333333314,
    "total_steps": 456,
    "average_loss": 0.07707744343369677,
    "episodes": 3
  },
  "architecture": [
    128,
    128,
    64
  ],
  "round": 12
}