{
  "total_reward": -16.87999999999997,
  "average_reward": -0.11253333333333314,
  "total_steps": 150,
  "waiting_time": 422.0,
  "queue_length": 2.8133333333333335,
  "training": {
    "average_reward": -19.65333333333331,
    "total_steps": 447,
    "average_loss": 0.06480159608426377,
    "episodes": 3
  },
  "architecture": [
    128,
    128,
    64
  ],
  "round": 9
}