{
  "total_reward": -15.599999999999982,
  "average_reward": -0.09689440993788809,
  "total_steps": 161,
  "waiting_time": 390.0,
  "queue_length": 2.422360248447205,
  "training": {
    "average_reward": -17.853333333333314,
    "total_steps": 449,
    "average_loss": 0.05521233865207181,
    "episodes": 3
  },
  "architecture": [
    128,
    128,
    64
  ],
  "round": 7
}