{
  "total_reward": -16.279999999999987,
  "average_reward": -0.11074829931972781,
  "total_steps": 147,
  "waiting_time": 407.0,
  "queue_length": 2.7687074829931975,
  "training": {
    "average_reward": -21.746666666666652,
    "total_steps": 451,
    "average_loss": 0.019003373041063414,
    "episodes": 3
  },
  "architecture": [
    128,
    128,
    64
  ],
  "round": 3
}