{
  "total_reward": -14.519999999999987,
  "average_reward": -0.09490196078431364,
  "total_steps": 153,
  "waiting_time": 363.0,
  "queue_length": 2.372549019607843,
  "training": {
    "average_reward": -18.97333333333332,
    "total_steps": 458,
    "average_loss": 0.08418360199600328,
    "episodes": 3
  },
  "architecture": [
    128,
    128,
    64
  ],
  "round": 15
}