{
  "total_reward": -20.639999999999983,
  "average_reward": -0.1413698630136985,
  "total_steps": 146,
  "waiting_time": 516.0,
  "queue_length": 3.5342465753424657,
  "training": {
    "average_reward": -19.173333333333314,
    "total_steps": 456,
    "average_loss": 0.07707744343369677,
    "episodes": 3
  },
  "architecture": [
    128,
    128,
    64
  ],
  "round": 12
}