{
  "total_reward": -20.67999999999999,
  "average_reward": -0.13341935483870962,
  "total_steps": 155,
  "waiting_time": 517.0,
  "queue_length": 3.335483870967742,
  "training": {
    "average_reward": -21.519999999999982,
    "total_steps": 443,
    "average_loss": 0.07126817837122063,
    "episodes": 3
  },
  "architecture": [
    128,
    128,
    64
  ],
  "round": 10
}