{
  "total_reward": -14.239999999999982,
  "average_reward": -0.09307189542483649,
  "total_steps": 153,
  "waiting_time": 356.0,
  "queue_length": 2.326797385620915,
  "training": {
    "average_reward": -17.133333333333315,
    "total_steps": 456,
    "average_loss": 0.03843398113620647,
    "episodes": 3
  },
  "architecture": [
    128,
    128,
    64
  ],
  "round": 5
}