{
  "FL-DQN": {
    "waiting_time": 582.6771698586894,
    "queue": 693.8843333333333,
    "throughput": 0.0880264852080277,
    "reward": -357636.3804416939
  },
  "FedLight": {
    "waiting_time": 615.0878867083795,
    "queue": 802.0360000000001,
    "throughput": 0.0659018398079186,
    "reward": -401018.0
  },
  "AdaptFlow": {
    "waiting_time": 587.9987829457037,
    "queue": 726.9209999999999,
    "throughput": 0.06660038117002022,
    "reward": -4506.410303001664
  }
}