{
  "FL-DQN": {
    "waiting_time": 263.115912113774,
    "queue": 816.9106666666667,
    "throughput": 0.009032826613791584,
    "reward": -415061.20269519434
  },
  "FedLight": {
    "waiting_time": 258.936593666805,
    "queue": 890.8336666666668,
    "throughput": 0.009683666881859265,
    "reward": -445416.8333333333
  },
  "AdaptFlow": {
    "waiting_time": 262.9234232926248,
    "queue": 821.3856666666667,
    "throughput": 0.006982265046781177,
    "reward": -4667.725833333333
  }
}