{
  "FL-DQN": {
    "waiting_time": 91.8630131159816,
    "queue": 340.85923612411807,
    "throughput": 1.287872074989462,
    "reward": -172353.42967593513
  },
  "FedLight": {
    "waiting_time": 41.62946491816921,
    "queue": 143.0526,
    "throughput": 1.6872504968746092,
    "reward": -71526.3
  },
  "AdaptFlow": {
    "waiting_time": 209.7703186549793,
    "queue": 750.4852666666668,
    "throughput": 0.3391766397596872,
    "reward": -375242.63333333336
  }
}