{
  "average_reward": -3538.1337499999995,
  "total_steps": 5433,
  "average_loss": 0.05069103643241443,
  "episodes": 10
}