{
  "average_reward": -101.16200000000016,
  "total_steps": 5133,
  "average_loss": 0.15622241257642902,
  "episodes": 10
}