{
  "average_reward": -100.73000000000017,
  "total_steps": 5089,
  "average_loss": 0.20779347417689092,
  "episodes": 10
}