{
  "average_reward": -1902.7920000000001,
  "total_steps": 5318,
  "average_loss": 0.07677449033765753,
  "episodes": 10
}