{
  "average_reward": -99.19475000000014,
  "total_steps": 5110,
  "average_loss": 0.18443099712613978,
  "episodes": 10
}