{
  "average_reward": 199.99841625155082,
  "total_steps": 400,
  "average_loss": 0.0240734036233402,
  "waiting_time": 0.0,
  "queue_length": 0.0,
  "num_congested_lanes": 0.0,
  "total_lanes": 7.0
}