{
  "average_reward": -74.13000000000002,
  "total_steps": 1749,
  "average_loss": 0.017021567884968034,
  "episodes": 10
}