{
  "average_reward": -100.70725000000016,
  "total_steps": 5107,
  "average_loss": 0.20452807727265268,
  "episodes": 10
}