{
  "average_reward": -5747.549499999999,
  "total_steps": 6884,
  "average_loss": 0.1441337830305342,
  "episodes": 10
}