{
  "FL-DQN": {
    "waiting_time": 100.78602942376834,
    "queue": 392.3229448186188,
    "throughput": 1.2014612847584965,
    "reward": -198500.17643361608
  },
  "FedLight": {
    "waiting_time": 40.25188897501281,
    "queue": 151.8673995584989,
    "throughput": 1.7024421697506071,
    "reward": -75716.13333333333
  },
  "AdaptFlow": {
    "waiting_time": 42.39882021752389,
    "queue": 156.48533333333336,
    "throughput": 1.677602105975648,
    "reward": -3004.471833333334
  }
}