{
  "FL-DQN": {
    "waiting_time": 102.02050492095063,
    "queue": 367.2706740716424,
    "throughput": 1.219560524534971,
    "reward": -185767.88873002515
  },
  "FedLight": {
    "waiting_time": 41.49679880450113,
    "queue": 145.63466666666665,
    "throughput": 1.678864526183141,
    "reward": -72817.33333333334
  },
  "AdaptFlow": {
    "waiting_time": 43.777123367201696,
    "queue": 153.9486,
    "throughput": 1.670820137145276,
    "reward": -76974.30000000002
  }
}