{
  "FL-DQN": {
    "waiting_time": 224.4245873536298,
    "queue": 176.573,
    "throughput": 0.43281517328840224,
    "reward": -3187.459166666669
  },
  "FedLight": {
    "waiting_time": 5.423108415705674,
    "queue": 5.9495497103779185,
    "throughput": 1.0290586317061068,
    "reward": -82.76666666666657
  },
  "AdaptFlow": {
    "waiting_time": 5.729861891183475,
    "queue": 6.68600442194898,
    "throughput": 1.0271415840511866,
    "reward": -94.5524999999999
  }
}