{
  "FL-DQN": {
    "waiting_time": 182.43288247613938,
    "queue": 441.2483333333334,
    "throughput": 0.2871955101074471,
    "reward": -223821.1055397893
  },
  "FedLight": {
    "waiting_time": 159.96576246499134,
    "queue": 289.092,
    "throughput": 0.39095552039405873,
    "reward": -144546.0
  },
  "AdaptFlow": {
    "waiting_time": 183.99216158783625,
    "queue": 497.04466666666667,
    "throughput": 0.2679187469386056,
    "reward": -4137.051666666667
  }
}