{
  "FL-DQN": {
    "waiting_time": 78.6991972071724,
    "queue": 96.70416666666667,
    "throughput": 0.3075390432070471,
    "reward": -782.8725
  },
  "FedLight": {
    "waiting_time": 7.710002504102371,
    "queue": 9.7225,
    "throughput": 0.9843638028537867,
    "reward": -77.84249999999999
  },
  "AdaptFlow": {
    "waiting_time": 5.626326759107343,
    "queue": 6.301666666666667,
    "throughput": 1.0173640260959056,
    "reward": -50.41333333333327
  }
}