{
  "average_reward": -804.45,
  "total_steps": 357,
  "average_loss": 0.013082877483891177,
  "waiting_time": 9767.0,
  "queue_length": 49.8737101910828,
  "num_congested_lanes": 1.0,
  "total_lanes": 4.0
}