{
  "num_rounds": 1,
  "cluster_history": [
    {
      "node_0": 0,
      "node_1": 0
    }
  ],
  "transitions": [
    {
      "round": 1,
      "transitions": {}
    }
  ],
  "fingerprints": [
    {
      "node_0": [
        6.2893617021276595,
        7.39,
        0.0,
        16.0,
        0.0,
        1.0
      ],
      "node_1": [
        7.349775784753363,
        8.195,
        0.0,
        21.0,
        0.0,
        0.5
      ]
    }
  ]
}