{
  "num_rounds": 1,
  "cluster_history": [
    {
      "node_0": 0,
      "node_1": 0
    }
  ],
  "transitions": [
    {
      "round": 1,
      "transitions": {}
    }
  ],
  "fingerprints": [
    {
      "node_0": [
        5.0728744939271255,
        6.265,
        0.0,
        20.0,
        1.0,
        1.0
      ],
      "node_1": [
        4.506382978723404,
        5.295,
        0.0,
        13.0,
        0.0,
        0.5
      ]
    }
  ]
}