{
  "num_rounds": 1,
  "cluster_history": [
    {
      "node_0": 0,
      "node_1": 0,
      "node_2": 0,
      "node_3": 1,
      "node_4": 1,
      "node_5": 1
    }
  ],
  "transitions": [
    {
      "round": 1,
      "transitions": {}
    }
  ],
  "fingerprints": [
    {
      "node_0": [
        6.215767634854772,
        7.49,
        0.0,
        20.0,
        0.0,
        1.0
      ],
      "node_1": [
        6.547413793103448,
        7.595,
        0.0,
        18.0,
        1.0,
        0.5
      ],
      "node_2": [
        6.357466063348416,
        7.025,
        0.0,
        16.0,
        0.0,
        0.0
      ],
      "node_3": [
        5.350467289719626,
        5.725,
        0.0,
        18.0,
        0.0,
        0.0
      ],
      "node_4": [
        4.4409090909090905,
        4.885,
        0.0,
        13.0,
        0.0,
        0.0
      ],
      "node_5": [
        5.058365758754864,
        6.5,
        0.0,
        16.0,
        0.0,
        0.0
      ]
    }
  ],
  "similarity_matrices": [
    [
      [
        0.9999999999999999,
        0.9970467825760141,
        0.9954527357681355,
        0.9977934626418761,
        0.9986454589985921,
        0.9986401078592921
      ],
      [
        0.9970467825760141,
        1.0000000000000002,
        0.998112119148924,
        0.993615185587017,
        0.9977196775693676,
        0.9977119640556631
      ],
      [
        0.9954527357681355,
        0.998112119148924,
        1.0000000000000002,
        0.9922900678740724,
        0.9979045913274689,
        0.997603199492149
      ],
      [
        0.9977934626418761,
        0.993615185587017,
        0.9922900678740724,
        1.0000000000000002,
        0.9982247124162692,
        0.9971570061577706
      ],
      [
        0.9986454589985921,
        0.9977196775693676,
        0.9979045913274689,
        0.9982247124162692,
        1.0000000000000002,
        0.999378743365843
      ],
      [
        0.9986401078592921,
        0.9977119640556631,
        0.997603199492149,
        0.9971570061577706,
        0.999378743365843,
        1.0000000000000002
      ]
    ]
  ]
}