{
  "FL-DQN": {
    "waiting_time": 215.58789646716718,
    "queue": 183.78433333333336,
    "throughput": 0.4263204394221036,
    "reward": -3199.071666666668
  },
  "FedLight": {
    "waiting_time": 5.077090151527713,
    "queue": 5.486116149389577,
    "throughput": 1.0264050290277504,
    "reward": -75.1533333333333
  },
  "AdaptFlow": {
    "waiting_time": 5.884839426868542,
    "queue": 6.734234856140335,
    "throughput": 1.0267760369724752,
    "reward": -93.37999999999988
  }
}