{
  "average_reward": -93.35000000000001,
  "total_steps": 330,
  "average_loss": 0.006990807110824707,
  "waiting_time": 933.5,
  "queue_length": 5.649215333161822,
  "num_congested_lanes": 0.0,
  "total_lanes": 4.0
}