{
  "average_reward": -1328.1850000000004,
  "total_steps": 5172,
  "average_loss": 0.05526816364729547,
  "episodes": 10
}