{
  "average_reward": -2390.61525,
  "total_steps": 5348,
  "average_loss": 0.050814443171424487,
  "episodes": 10
}