{
  "average_reward": 195.53209473723535,
  "total_steps": 400,
  "average_loss": 0.016597709081647087,
  "waiting_time": 0.0,
  "queue_length": 0.0,
  "num_congested_lanes": 0.0,
  "total_lanes": 7.0
}