{
  "FL-DQN": {
    "waiting_time": 591.76645180609,
    "queue": 692.1773333333334,
    "throughput": 0.07250693523743733,
    "reward": -357071.5145352988
  },
  "FedLight": {
    "waiting_time": 593.415471034676,
    "queue": 769.1080000000001,
    "throughput": 0.09758376511446283,
    "reward": -384554.0
  },
  "AdaptFlow": {
    "waiting_time": 611.3662882793766,
    "queue": 808.6756666666666,
    "throughput": 0.08452247457196198,
    "reward": -4581.168990971644
  }
}