{
  "FL-DQN": {
    "waiting_time": 210.12019935246474,
    "queue": 789.3269999999999,
    "throughput": 0.15949940612899594,
    "reward": -398606.3048321992
  },
  "FedLight": {
    "waiting_time": 212.73456805431735,
    "queue": 820.4399999999999,
    "throughput": 0.1514096475424875,
    "reward": -410220.0
  },
  "AdaptFlow": {
    "waiting_time": 205.14789141837926,
    "queue": 707.3776666666666,
    "throughput": 0.1847916788094063,
    "reward": -4532.837500000001
  }
}