{
  "FL-DQN": {
    "waiting_time": 157.96143356408217,
    "queue": 133.25533333333334,
    "throughput": 0.586746227184556,
    "reward": -2505.5758333333365
  },
  "FedLight": {
    "waiting_time": 5.209398707885522,
    "queue": 6.087447020011935,
    "throughput": 1.0214948410165152,
    "reward": -85.19999999999993
  },
  "CoLight": {
    "waiting_time": 233.16593922555856,
    "queue": 195.0466666666667,
    "throughput": 0.4947607283986211,
    "reward": -3816.105000000001
  },
  "AdaptFlow": {
    "waiting_time": 6.049261637966783,
    "queue": 6.322806512731499,
    "throughput": 1.028898279935108,
    "reward": -86.43333333333328
  }
}