{
  "FL-DQN": {
    "waiting_time": 191.23768018929593,
    "queue": 153.80566666666667,
    "throughput": 0.5023461092600885,
    "reward": -2660.9083333333297
  },
  "FedLight": {
    "waiting_time": 6.350218596882666,
    "queue": 7.825644041452172,
    "throughput": 1.0240470114176146,
    "reward": -108.92666666666668
  },
  "AdaptFlow": {
    "waiting_time": 8.215970577449726,
    "queue": 9.842397289092313,
    "throughput": 1.0214665315111322,
    "reward": -138.7708333333333
  }
}