{
  "FL-DQN": {
    "waiting_time": 67.70554890089664,
    "queue": 437.84968749999996,
    "throughput": 1.0101789522565778,
    "reward": -88078.4766530139
  },
  "FedLight": {
    "waiting_time": 69.00078222877637,
    "queue": 484.6853125,
    "throughput": 1.0210081078405326,
    "reward": -96937.0625
  },
  "AdaptFlow": {
    "waiting_time": 65.97811482175568,
    "queue": 401.0790625,
    "throughput": 0.8600142449471941,
    "reward": -1744.02375
  }
}