{
  "FL-DQN": {
    "waiting_time": 183.74055215411263,
    "queue": 140.86966666666666,
    "throughput": 0.5281901810078656,
    "reward": -2747.235833333336
  },
  "FedLight": {
    "waiting_time": 5.912043984933504,
    "queue": 6.755133638123336,
    "throughput": 1.0256578776410834,
    "reward": -94.21333333333321
  },
  "AdaptFlow": {
    "waiting_time": 5.769449836802118,
    "queue": 6.926260243464815,
    "throughput": 1.0194565889481375,
    "reward": -95.14583333333326
  }
}