{
  "FL-DQN": {
    "waiting_time": 42.9327286182073,
    "queue": 293.004375,
    "throughput": 1.5481349153430093,
    "reward": -59011.770348245394
  },
  "FedLight": {
    "waiting_time": 71.35828720207904,
    "queue": 425.29031249999997,
    "throughput": 0.9999872379153978,
    "reward": -85058.0625
  },
  "AdaptFlow": {
    "waiting_time": 74.98421294308218,
    "queue": 452.7925,
    "throughput": 0.9284670556416235,
    "reward": -1767.746875
  }
}