{
  "average_reward": -1050.6895000000006,
  "total_steps": 5090,
  "average_loss": 0.06291875902582408,
  "episodes": 10
}