{
  "average_reward": -113.9627500000003,
  "total_steps": 5128,
  "average_loss": 0.2633900705771448,
  "episodes": 10
}