{
  "average_reward": -125.57575000000024,
  "total_steps": 5163,
  "average_loss": 0.19930249102357375,
  "episodes": 10
}