{
  "average_reward": -108.32600000000032,
  "total_steps": 5092,
  "average_loss": 0.18522823545189235,
  "episodes": 10
}