{
  "FL-DQN": {
    "waiting_time": 66.08327637402977,
    "queue": 74.52583333333335,
    "throughput": 3.7262916666666666,
    "reward": -603.5691666666667
  },
  "FedLight": {
    "waiting_time": 5.49638572596787,
    "queue": 6.076666666666665,
    "throughput": 0.30383333333333334,
    "reward": -48.613333333333294
  },
  "AdaptFlow": {
    "waiting_time": 6.4229682406404125,
    "queue": 8.111666666666666,
    "throughput": 0.40558333333333335,
    "reward": -64.93083333333328
  }
}