{
  "FL-DQN": {
    "waiting_time": 157.26276137402525,
    "queue": 128.45166666666668,
    "throughput": 0.6009193887717723,
    "reward": -2483.9908333333315
  },
  "FedLight": {
    "waiting_time": 6.692215782952921,
    "queue": 8.032285095454009,
    "throughput": 1.0221109943616418,
    "reward": -109.13333333333333
  },
  "CoLight": {
    "waiting_time": 127.44161416765074,
    "queue": 109.64266666666667,
    "throughput": 0.6931636202258934,
    "reward": -2211.890833333333
  },
  "AdaptFlow": {
    "waiting_time": 6.648900511138973,
    "queue": 7.763377383919945,
    "throughput": 1.0262774605516871,
    "reward": -105.80666666666663
  }
}