{
  "average_reward": -342.5950000000001,
  "total_steps": 384,
  "average_loss": 0.014073296240530908,
  "waiting_time": 8503.0,
  "queue_length": 41.63949685534591,
  "num_congested_lanes": 0.0,
  "total_lanes": 4.0
}