{
  "FL-DQN": {
    "waiting_time": 218.94640807781954,
    "queue": 170.668,
    "throughput": 0.45639698692138264,
    "reward": -3102.8833333333328
  },
  "FedLight": {
    "waiting_time": 6.289341696332858,
    "queue": 7.393660619639679,
    "throughput": 1.0296857046565473,
    "reward": -100.82583333333328
  },
  "AdaptFlow": {
    "waiting_time": 6.64881009416976,
    "queue": 8.063934639066376,
    "throughput": 1.0225477493909418,
    "reward": -108.54666666666662
  }
}