{
  "FL-DQN": {
    "waiting_time": 62.958677713341196,
    "queue": 74.77166666666666,
    "throughput": 3.738583333333333,
    "reward": -605.7233333333334
  },
  "FedLight": {
    "waiting_time": 7.051081788810445,
    "queue": 8.543333333333333,
    "throughput": 0.4271666666666667,
    "reward": -68.43416666666663
  },
  "AdaptFlow": {
    "waiting_time": 5.5391066841074625,
    "queue": 6.4875,
    "throughput": 0.324375,
    "reward": -51.89999999999997
  }
}