{
  "FL-DQN": {
    "waiting_time": 20.438852301894407,
    "queue": 75.95881088006436,
    "throughput": 0.9374348114418147,
    "reward": -37629.333755101354
  },
  "FedLight": {
    "waiting_time": 43.13883499033416,
    "queue": 158.55606666666668,
    "throughput": 0.8361128426503346,
    "reward": -79278.03333333334
  },
  "AdaptFlow": {
    "waiting_time": 42.70810716579543,
    "queue": 158.37173333333334,
    "throughput": 0.839244634993943,
    "reward": -3016.5868333333337
  }
}