{
  "FL-DQN": {
    "waiting_time": 259.7014476068203,
    "queue": 193.418,
    "throughput": 0.33685087739493697,
    "reward": -3659.568333333333
  },
  "FedLight": {
    "waiting_time": 8.965997878785636,
    "queue": 10.757723803525673,
    "throughput": 1.022638914671737,
    "reward": -147.69000000000008
  },
  "AdaptFlow": {
    "waiting_time": 5.815181828728238,
    "queue": 6.756426182818781,
    "throughput": 1.022596535495944,
    "reward": -94.5933333333333
  }
}